naf,classe,functype
3600Z,WIP,WIP
3700Z,WIP,WIP
5310Z,townTechnicalServices,p
5320Z,townTechnicalServices,p
5590Z,housing,p
6411Z,6419Z,c
7211Z,8690B,c
7219Z,8690B,c
7220Z,7320Z,c
8411Z,townhall,p
8412Z,townhall,p
8413Z,townhall,p
8421Z,townhall,p
8423Z,townhall,p
8424Z,police,p
8425Z,firefighters,p
8430A,townhall,p
8430B,6419Z,c
8430C,6419Z,c
8510Z,education,p
8520Z,education,p
8531Z,education,p
8532Z,education,p
8541Z,education,p
8542Z,education,p
8551Z,townTechnicalServices,p
8552Z,education,p
8559A,education,p
8610Z,health,p
8710A,health,p
8710B,health,p
8710C,health,p
8720A,health,p
8720B,housing,p
8730A,housing,p
8730B,housing,p
8790A,housing,p
8790B,housing,p
8810B,health,p
8810C,education,p
8891A,education,p
8891B,health,p
8899A,education,p
8899B,education,p
9101Z,education,p
9311Z,townTechnicalServices,p
9312Z,townTechnicalServices,p
9411Z,townhall,p
9412Z,townhall,p
9420Z,townhall,p
9492Z,education,p
9499Z,education,p
