APE.05,seuil.001.5,n.total,n.001.5,p.001.5
1011Z,21,1944,182,0.094
1012Z,21,535,102,0.191
1013A,12,1161,314,0.27
1013B,21,4138,5,0.001
1020Z,12,575,120,0.209
1031Z,3,153,21,0.137
1032Z,11,366,27,0.074
1039A,11,502,138,0.275
1039B,11,1176,95,0.081
1041A,2,215,65,0.302
1041B,3,110,17,0.155
1042Z,3,5,4,0.8
1051A,11,265,120,0.453
1051B,11,26,17,0.654
1051C,11,1114,353,0.317
1051D,11,122,50,0.41
1052Z,11,665,52,0.078
1061A,11,529,157,0.297
1061B,3,113,57,0.504
1062Z,1,24,11,0.458
1071A,12,906,301,0.332
1071B,22,4008,1,0.0
1071C,21,39469,11,0.0
1071D,21,6204,10,0.002
1072Z,11,1712,190,0.111
1073Z,11,385,47,0.122
1081Z,2,97,48,0.495
1082Z,11,1804,229,0.127
1083Z,11,832,84,0.101
1084Z,11,257,59,0.23
1085Z,12,1729,173,0.1
1086Z,11,206,62,0.301
1089Z,11,1532,240,0.157
1091Z,11,722,269,0.373
1092Z,11,142,45,0.317
1101Z,2,1222,300,0.245
1102A,1,514,272,0.529
1102B,3,1397,340,0.243
1103Z,3,199,19,0.095
1104Z,3,69,1,0.014
1105Z,3,1301,54,0.042
1106Z,2,22,17,0.773
1107A,3,152,89,0.586
1107B,3,244,54,0.221
1200Z,3,29,9,0.31
1310Z,11,365,88,0.241
1320Z,11,527,119,0.226
1330Z,12,1024,48,0.047
1391Z,11,185,28,0.151
1392Z,12,4123,122,0.03
1393Z,11,79,27,0.342
1394Z,12,142,10,0.07
1395Z,3,55,26,0.473
1396Z,12,333,90,0.27
1399Z,12,1717,46,0.027
1411Z,21,187,2,0.011
1412Z,12,113,25,0.221
1413Z,12,15780,188,0.012
1414Z,12,378,62,0.164
1419Z,21,4108,15,0.004
1420Z,12,117,3,0.026
1431Z,12,57,18,0.316
1439Z,12,612,23,0.038
1511Z,12,164,29,0.177
1512Z,12,3381,162,0.048
1520Z,12,566,74,0.131
1610A,11,3194,454,0.142
1610B,21,918,3,0.003
1621Z,3,168,73,0.435
1622Z,11,38,13,0.342
1623Z,12,3895,235,0.06
1624Z,12,1227,194,0.158
1629Z,12,4956,52,0.01
1711Z,1,14,8,0.571
1712Z,2,256,153,0.598
1721A,11,287,197,0.686
1721B,12,536,152,0.284
1721C,11,104,35,0.337
1722Z,3,98,50,0.51
1723Z,12,445,42,0.094
1724Z,11,22,3,0.136
1729Z,12,839,113,0.135
1811Z,12,173,29,0.168
1812Z,12,7415,507,0.068
1813Z,22,16775,1,0.0
1814Z,12,812,39,0.048
1820Z,12,574,8,0.014
1920Z,1,157,69,0.439
2011Z,2,210,124,0.59
2012Z,2,59,34,0.576
2013A,0,10,10,1.0
2013B,2,147,97,0.66
2014Z,2,482,217,0.45
2015Z,2,224,100,0.446
2016Z,2,290,152,0.524
2017Z,2,19,12,0.632
2020Z,3,145,65,0.448
2030Z,11,515,208,0.404
2041Z,11,687,102,0.148
2042Z,11,1641,308,0.188
2051Z,11,63,24,0.381
2052Z,11,82,38,0.463
2053Z,11,336,69,0.205
2059Z,3,446,204,0.457
2060Z,11,24,6,0.25
2110Z,2,139,70,0.504
2120Z,11,628,358,0.57
2211Z,11,111,34,0.306
2219Z,12,520,140,0.269
2221Z,11,480,250,0.521
2222Z,11,809,437,0.54
2223Z,12,1025,281,0.274
2229A,12,1725,391,0.227
2229B,12,1055,135,0.128
2311Z,3,30,11,0.367
2312Z,12,577,116,0.201
2313Z,11,580,90,0.155
2314Z,3,28,16,0.571
2319Z,12,899,18,0.02
2320Z,11,104,36,0.346
2331Z,11,126,17,0.135
2332Z,3,238,86,0.361
2341Z,21,3434,15,0.004
2342Z,12,30,10,0.333
2343Z,12,7,4,0.571
2344Z,3,35,16,0.457
2349Z,21,293,1,0.003
2351Z,2,110,70,0.636
2352Z,2,76,45,0.592
2361Z,12,1176,267,0.227
2362Z,3,68,25,0.368
2363Z,11,1976,222,0.112
2364Z,11,107,44,0.411
2365Z,3,17,3,0.176
2369Z,12,516,19,0.037
2370Z,21,4225,8,0.002
2391Z,11,41,15,0.366
2399Z,3,744,159,0.214
2410Z,2,170,98,0.576
2420Z,3,284,91,0.32
2431Z,3,18,12,0.667
2432Z,3,13,7,0.538
2433Z,11,211,83,0.393
2434Z,11,42,25,0.595
2441Z,11,46,5,0.109
2442Z,2,131,72,0.55
2443Z,2,36,18,0.5
2444Z,3,47,26,0.553
2445Z,3,108,29,0.269
2446Z,2,12,6,0.5
2451Z,11,106,66,0.623
2452Z,12,60,34,0.567
2453Z,12,191,58,0.304
2454Z,12,206,26,0.126
2511Z,21,4950,192,0.039
2512Z,21,2358,76,0.032
2521Z,11,103,30,0.291
2529Z,12,124,53,0.427
2530Z,32,70,3,0.043
2540Z,11,200,28,0.14
2550A,11,1222,91,0.074
2550B,12,1402,366,0.261
2561Z,12,2682,323,0.12
2562A,12,629,154,0.245
2562B,12,8210,870,0.106
2571Z,12,626,20,0.032
2572Z,12,573,79,0.138
2573A,12,694,100,0.144
2573B,12,728,123,0.169
2591Z,3,16,9,0.562
2592Z,11,122,69,0.566
2593Z,12,529,165,0.312
2594Z,11,145,88,0.607
2599A,12,200,39,0.195
2599B,12,2017,165,0.082
2611Z,3,560,213,0.38
2612Z,12,648,162,0.25
2620Z,12,470,46,0.098
2630Z,12,701,111,0.158
2640Z,12,439,16,0.036
2651A,12,201,57,0.284
2651B,12,1031,229,0.222
2652Z,12,304,16,0.053
2660Z,12,192,26,0.135
2670Z,12,245,24,0.098
2680Z,12,25,3,0.12
2711Z,12,316,99,0.313
2712Z,12,742,198,0.267
2720Z,11,60,20,0.333
2731Z,3,34,7,0.206
2732Z,11,193,80,0.415
2733Z,11,266,114,0.429
2740Z,12,1318,112,0.085
2751Z,11,157,63,0.401
2752Z,11,102,34,0.333
2790Z,12,757,135,0.178
2811Z,11,187,52,0.278
2812Z,12,541,71,0.131
2813Z,12,246,92,0.374
2814Z,12,212,101,0.476
2815Z,11,174,104,0.598
2821Z,12,122,22,0.18
2822Z,12,922,217,0.235
2823Z,12,40,9,0.225
2824Z,12,10,3,0.3
2825Z,12,1288,180,0.14
2829A,21,278,29,0.104
2829B,12,690,119,0.172
2830Z,12,772,171,0.222
2841Z,12,327,64,0.196
2849Z,12,185,13,0.07
2891Z,12,52,8,0.154
2892Z,11,175,78,0.446
2893Z,12,585,128,0.219
2894Z,11,103,25,0.243
2895Z,12,52,17,0.327
2896Z,12,64,13,0.203
2899A,12,51,16,0.314
2899B,21,818,41,0.05
2910Z,3,410,147,0.359
2920Z,21,1571,100,0.064
2931Z,11,166,56,0.337
2932Z,11,854,346,0.405
3011Z,12,298,39,0.131
3012Z,12,558,51,0.091
3020Z,12,88,40,0.455
3030Z,11,450,207,0.46
3040Z,11,6,4,0.667
3091Z,3,127,9,0.071
3092Z,12,197,19,0.096
3099Z,12,50,4,0.08
3101Z,21,1024,44,0.043
3102Z,12,1034,49,0.047
3103Z,12,291,40,0.137
3109A,21,695,12,0.017
3109B,21,13306,60,0.005
3211Z,21,15,3,0.2
3212Z,12,3646,74,0.02
3213Z,22,10607,3,0.0
3220Z,21,1556,3,0.002
3230Z,12,907,42,0.046
3240Z,12,1137,31,0.027
3250A,12,8705,312,0.036
3250B,12,514,53,0.103
3291Z,12,81,23,0.284
3299Z,12,6038,78,0.013
3311Z,22,1444,18,0.012
3312Z,21,11061,93,0.008
3313Z,21,768,29,0.038
3314Z,21,1646,18,0.011
3315Z,21,3674,12,0.003
3316Z,11,560,75,0.134
3317Z,21,137,10,0.073
3319Z,22,881,0,0.0
3320A,22,5921,30,0.005
3320B,22,3055,17,0.006
3320C,21,1486,51,0.034
3320D,21,2090,41,0.02
3530Z,11,1501,276,0.184
4110A,22,15994,12,0.001
4110B,21,844,2,0.002
4110C,21,2419,7,0.003
4110D,21,60598,10,0.0
4120A,22,33840,9,0.0
4120B,22,15588,128,0.008
4211Z,21,2736,491,0.179
4212Z,12,229,94,0.41
4213A,22,216,20,0.093
4213B,21,30,8,0.267
4221Z,21,1513,159,0.105
4222Z,22,1631,44,0.027
4291Z,21,465,14,0.03
4299Z,11,22268,318,0.014
4311Z,21,1524,24,0.016
4312A,21,24814,117,0.005
4312B,21,1979,67,0.034
4313Z,21,588,5,0.009
4321A,31,82351,60,0.001
4321B,31,355,1,0.003
4322A,31,53166,3,0.0
4322B,31,27407,25,0.001
4329A,31,6730,4,0.001
4329B,31,5382,7,0.001
4331Z,31,35889,0,0.0
4332A,22,61879,11,0.0
4332B,22,21266,12,0.001
4332C,31,3779,0,0.0
4333Z,31,32578,0,0.0
4334Z,31,81297,4,0.0
4339Z,31,24514,1,0.0
4391A,22,13419,4,0.0
4391B,22,22859,2,0.0
4399A,22,5850,5,0.001
4399B,21,3223,29,0.009
4399C,22,121554,61,0.001
4399D,22,10161,12,0.001
4399E,12,953,70,0.073
4511Z,11,56245,4109,0.073
4519Z,11,2246,470,0.209
4520A,21,69947,47,0.001
4520B,21,3112,9,0.003
4531Z,12,5554,378,0.068
4532Z,21,11406,26,0.002
4540Z,12,8132,24,0.003
4611Z,21,1062,1,0.001
4612A,1,14,7,0.5
4612B,3,576,64,0.111
4613Z,22,2001,3,0.001
4614Z,21,1508,12,0.008
4615Z,22,1002,0,0.0
4616Z,22,1877,1,0.001
4617A,12,473,71,0.15
4617B,22,3264,4,0.001
4618Z,22,13882,12,0.001
4619A,12,1001,92,0.092
4619B,22,59810,8,0.0
4621Z,11,8258,747,0.09
4622Z,21,1202,3,0.002
4623Z,12,3035,62,0.02
4624Z,11,197,17,0.086
4631Z,12,4739,378,0.08
4632A,21,1073,21,0.02
4632B,21,352,4,0.011
4632C,21,380,2,0.005
4633Z,12,1152,204,0.177
4634Z,11,10484,807,0.077
4635Z,3,61,23,0.377
4636Z,21,458,16,0.035
4637Z,12,502,42,0.084
4638A,21,1481,11,0.007
4638B,12,4205,221,0.053
4639A,12,667,168,0.252
4639B,12,5034,274,0.054
4641Z,12,3259,59,0.018
4642Z,12,11231,214,0.019
4643Z,12,1810,147,0.081
4644Z,12,1419,116,0.082
4645Z,12,4242,127,0.03
4646Z,12,4492,586,0.13
4647Z,12,1731,39,0.023
4648Z,11,788,61,0.077
4649Z,12,16663,434,0.026
4651Z,12,7039,274,0.039
4652Z,12,4841,250,0.052
4661Z,12,5545,446,0.08
4662Z,12,1037,51,0.049
4663Z,12,2106,127,0.06
4664Z,12,124,4,0.032
4665Z,21,740,8,0.011
4666Z,21,1802,52,0.029
4669A,12,4678,316,0.068
4669B,12,14179,1032,0.073
4669C,21,5860,48,0.008
4671Z,2,2099,725,0.345
4672Z,11,2289,441,0.193
4673A,12,16112,829,0.051
4673B,12,3899,164,0.042
4674A,12,2314,243,0.105
4674B,12,3082,222,0.072
4675Z,12,2958,230,0.078
4676Z,12,2659,115,0.043
4677Z,21,1333,5,0.004
4690Z,12,23248,209,0.009
4711A,12,1642,110,0.067
4711B,21,32533,18,0.001
4711C,21,6716,4,0.001
4711D,21,12367,1237,0.1
4711E,21,224,84,0.375
4711F,21,1923,1678,0.873
4719A,12,226,93,0.412
4719B,12,8870,118,0.013
4721Z,21,8568,8,0.001
4722Z,21,19309,10,0.001
4723Z,21,3172,1,0.0
4724Z,21,7162,6,0.001
4725Z,21,9895,2,0.0
4726Z,21,6525,3,0.0
4729Z,21,15619,21,0.001
4730Z,21,7402,12,0.002
4741Z,12,7812,67,0.009
4742Z,21,5605,18,0.003
4743Z,12,1883,81,0.043
4751Z,21,7079,8,0.001
4752A,21,8989,10,0.001
4752B,12,4225,849,0.201
4753Z,12,1641,12,0.007
4754Z,12,5688,368,0.065
4759A,12,14903,475,0.032
4759B,12,13614,131,0.01
4761Z,12,4772,103,0.022
4762Z,21,12501,22,0.002
4763Z,12,648,3,0.005
4764Z,12,14529,532,0.037
4765Z,12,3061,54,0.018
4771Z,12,77637,865,0.011
4772A,12,13091,54,0.004
4772B,12,3418,38,0.011
4773Z,21,25141,19,0.001
4774Z,21,7841,16,0.002
4775Z,12,10373,129,0.012
4776Z,21,20923,43,0.002
4777Z,12,9343,59,0.006
4778A,12,16490,47,0.003
4778B,12,4949,32,0.006
4778C,21,47140,34,0.001
4779Z,12,17075,18,0.001
4782Z,21,25569,0,0.0
4791A,12,21865,184,0.008
4791B,21,22846,51,0.002
4920Z,12,98,37,0.378
4932Z,41,72728,0,0.0
4939B,32,7358,5,0.001
4941A,32,18557,48,0.003
4941B,31,29188,24,0.001
4941C,32,1237,0,0.0
4942Z,31,3483,0,0.0
4950Z,0,390,373,0.956
5010Z,11,1255,69,0.055
5020Z,2,270,78,0.289
5030Z,12,387,15,0.039
5040Z,21,906,2,0.002
5110Z,11,1556,262,0.168
5121Z,3,115,33,0.287
5122Z,3,2,2,1.0
5210A,21,770,81,0.105
5210B,11,7824,1406,0.18
5224A,12,320,71,0.222
5224B,22,1174,10,0.009
5229A,31,1890,21,0.011
5229B,21,6928,291,0.042
5510Z,12,35545,1582,0.045
5520Z,12,40764,274,0.007
5610A,21,130580,246,0.002
5610B,21,868,42,0.048
5610C,22,108258,22,0.0
5621Z,21,17724,43,0.002
5629A,31,5721,14,0.002
5629B,31,14331,18,0.001
5630Z,21,45556,8,0.0
5811Z,12,6989,107,0.015
5812Z,31,190,0,0.0
5813Z,21,3606,72,0.02
5814Z,22,6809,41,0.006
5819Z,21,2851,7,0.002
5821Z,21,509,6,0.012
5829A,22,830,19,0.023
5829B,22,357,5,0.014
5829C,22,6159,64,0.01
5911A,22,11855,15,0.001
5911B,22,10598,3,0.0
5911C,22,6690,4,0.001
5912Z,12,3890,78,0.02
5913A,21,541,6,0.011
5913B,21,824,1,0.001
5914Z,12,2286,140,0.061
5920Z,21,9107,6,0.001
6010Z,21,2393,19,0.008
6020A,11,221,75,0.339
6020B,12,301,44,0.146
6190Z,12,4651,140,0.03
6201Z,22,54734,70,0.001
6202A,31,50028,184,0.004
6202B,21,4531,74,0.016
6203Z,21,1975,53,0.027
6209Z,31,9225,6,0.001
6311Z,21,7937,195,0.025
6312Z,31,7874,1,0.0
6391Z,21,3798,16,0.004
6399Z,22,1207,1,0.001
6419Z,21,36310,769,0.021
6420Z,22,124226,84,0.001
6430Z,21,21419,27,0.001
6491Z,21,568,15,0.026
6492Z,21,3006,79,0.026
6499Z,21,1854,19,0.01
6511Z,21,1104,99,0.09
6512Z,21,12233,520,0.043
6520Z,21,78,13,0.167
6611Z,22,167,1,0.006
6612Z,22,1625,6,0.004
6619A,31,31658,1,0.0
6619B,22,13028,19,0.001
6621Z,22,2640,10,0.004
6622Z,22,42047,71,0.002
6629Z,22,869,15,0.017
6630Z,22,12629,30,0.002
6810Z,31,34210,0,0.0
6820A,12,496522,791,0.002
6820B,22,1602721,98,0.0
6831Z,22,89486,13,0.0
6832A,21,51238,76,0.001
6832B,22,7252,0,0.0
6910Z,41,97178,0,0.0
6920Z,31,34629,14,0.0
7010Z,21,126141,610,0.005
7021Z,31,35232,1,0.0
7022Z,31,208458,79,0.0
7111Z,31,44547,0,0.0
7112A,31,3787,0,0.0
7112B,21,71484,833,0.012
7120A,21,7377,3,0.0
7120B,22,11649,85,0.007
7311Z,31,30531,44,0.001
7312Z,12,6252,256,0.041
7320Z,31,4881,18,0.004
7410Z,22,45382,2,0.0
7420Z,21,33012,10,0.0
7430Z,31,22198,2,0.0
7490A,32,8824,0,0.0
7500Z,31,14606,0,0.0
7711A,22,9388,8,0.001
7711B,2,5192,158,0.03
7712Z,12,3398,82,0.024
7721Z,22,4084,1,0.0
7722Z,21,386,0,0.0
7729Z,21,6182,151,0.024
7731Z,12,7456,2,0.0
7732Z,12,4842,148,0.031
7733Z,1,556,182,0.327
7739Z,3,25174,531,0.021
7740Z,21,1786,7,0.004
7810Z,22,1829,9,0.005
7820Z,51,11690,0,0.0
7830Z,32,11715,26,0.002
7911Z,22,9784,26,0.003
7912Z,22,2141,6,0.003
7990Z,31,8985,2,0.0
8010Z,41,14139,35,0.002
8020Z,22,3237,21,0.006
8030Z,32,960,0,0.0
8110Z,22,157556,10,0.0
8121Z,41,55599,70,0.001
8122Z,31,11282,122,0.011
8129A,22,2366,4,0.002
8129B,31,3928,9,0.002
8130Z,22,44024,18,0.0
8211Z,22,15376,57,0.004
8219Z,22,41661,32,0.001
8220Z,32,3250,59,0.018
8230Z,21,15473,40,0.003
8291Z,22,828,9,0.011
8292Z,21,2006,77,0.038
8299Z,21,43563,420,0.01
8553Z,22,18039,0,0.0
8559B,22,53174,59,0.001
8560Z,22,2908,4,0.001
8621Z,22,98388,58,0.001
8622A,31,8058,0,0.0
8622B,31,6385,0,0.0
8622C,31,49164,2,0.0
8623Z,31,45468,0,0.0
8690B,31,6565,3,0.0
8690C,31,431,9,0.021
8690D,22,129145,19,0.0
8690E,31,131590,1,0.0
8690F,31,78847,1,0.0
9001Z,22,122358,27,0.0
9002Z,21,22606,32,0.001
9003A,41,103070,0,0.0
9003B,31,62851,1,0.0
9313Z,21,3868,1,0.0
9511Z,22,12748,14,0.001
9512Z,22,1342,4,0.003
9521Z,22,2620,5,0.002
9522Z,22,3391,4,0.001
9523Z,22,3987,0,0.0
9524Z,22,3902,0,0.0
9525Z,21,1050,2,0.002
9529Z,22,23928,0,0.0
9601A,12,688,139,0.202
9601B,21,12626,3,0.0
9602A,22,92863,0,0.0
9602B,22,51337,0,0.0
9603Z,21,9630,17,0.002
9604Z,21,19465,22,0.001
9609Z,31,77517,3,0.0
