country,maxdmg,area,a3,continent
Afghanistan,78.69651677409037,379100.0,AFG,AS
Albania,1417.2754034248876,11971.8,ALB,EU
Algeria,269.0651407959009,413754.0,DZA,AF
American Samoa,,48.8,ASM,OC
Andorra,,200.4,AND,EU
Angola,103.84701227322681,583900.0,AGO,AF
Antigua and Barbuda,1763.4400576131688,90.0,ATG,NA
Argentina,160.224920183406,1460822.0,ARG,SA
Armenia,794.9852778220098,17243.64,ARM,AS
Aruba,4313.5055865921795,20.0,ABW,NA
Australia,51.94388111852099,4080087.2,AUS,OC
Austria,1342.8442933052834,31066.0,AUT,EU
Azerbaijan,493.2477679591162,47635.6,AZE,AS
"Bahamas, The",9077.77943661972,142.0,BHS,NA
Bahrain,,83.75999999999999,BHR,AS
Bangladesh,1614.7037057048485,91986.0,BGD,AS
Barbados,2972.2000000000003,150.0,BRB,NA
Belarus,431.31277494537187,88826.0,BLR,EU
Belgium,1991.4699096109407,13530.0,BEL,EU
Belize,824.7122464788732,1562.0,BLZ,NA
Benin,503.3835694348648,34530.0,BEN,AF
Bermuda,45632.697297297294,7.4,BMU,NA
Bhutan,392.38023605977224,5168.0,BTN,AS
Bolivia,44.53287276488806,370616.0,BOL,SA
Bosnia and Herzegovina,437.78899642561095,21424.0,BIH,EU
Botswana,10.354963739584944,258816.0,BWA,AF
Brazil,267.20245900245726,2742130.0,BRA,SA
Brunei Darussalam,6644.943369540391,118.0,BRN,AS
Bulgaria,383.4306553228969,50788.0,BGR,EU
Burkina Faso,200.8131135459888,119650.0,BFA,AF
Burundi,269.3464023832151,21606.0,BDI,AF
Cabo Verde,1523.9517886598546,750.0,CPV,AF
Cambodia,541.8575756292342,56350.0,KHM,AS
Cameroon,432.58623314591347,94952.0,CMR,AF
Canada,281.50179181687287,639525.2,CAN,NA
Cayman Islands,,27.0,CYM,NA
Central African Republic,159.62055267122795,51360.0,CAF,AF
Chad,89.03564519246586,496116.0,TCD,AF
Channel Islands,,90.2,CHA,NA
Chile,342.2121330020074,157805.96000000002,CHL,SA
China,942.5231734157146,5170067.2,CHN,AS
Colombia,337.302031350219,428120.4,COL,SA
Comoros,1077.8966783597439,1552.0,COM,AF
"Congo, Dem. Rep.",148.7070813594467,257940.0,COD,AF
"Congo, Rep.",34.299109995864626,105660.0,COG,AF
Costa Rica,926.9314257029993,18590.0,CRI,NA
Cote d'Ivoire,222.3536963187956,205200.0,CIV,AF
Croatia,1502.557057592934,13152.66,HRV,EU
Cuba,312.60770691202595,65292.0,CUB,NA
Curacao,,,CUW,NA
Cyprus,2929.777272219468,1201.2,CYP,AS
Czech Republic,756.661615206414,42342.0,CZE,EU
Denmark,1108.3105796438035,26484.0,DNK,EU
Djibouti,25.0,17018.0,DJI,AF
Dominica,1883.8128965619003,251.0,DMA,NA
Dominican Republic,1008.1422664701305,24570.0,DOM,NA
Ecuador,695.3170500349986,74660.14,ECU,SA
"Egypt, Arab Rep.",6076.6253383553185,36358.0,EGY,AF
El Salvador,1251.8203729544591,15450.679999999998,SLV,NA
Equatorial Guinea,433.0,3016.0,GNQ,AF
Eritrea,25.053850538505383,75880.0,ERI,AF
Estonia,516.5604000140172,9376.0,EST,EU
Ethiopia,313.2364303230941,353492.0,ETH,AF
Faeroe Islands,0.0,30.0,FRO,EU
Fiji,609.7147451268011,4271.6,FJI,OC
Finland,2013.3531834873988,22908.2,FIN,EU
France,1134.3172983090824,291322.0,FRA,EU
French Polynesia,,450.0,PYF,OC
Gabon,98.64378419136797,51600.0,GAB,AF
"Gambia, The",298.83834150009085,5980.0,GMB,AF
Georgia,314.43894428986977,24905.6,GEO,AS
Germany,1207.680223323832,167780.0,DEU,EU
Ghana,431.26634424131584,157500.0,GHA,AF
Greece,838.4236517995431,81784.6,GRC,EU
Greenland,,2359.0,GRL,NA
Grenada,2493.6882618583677,108.0,GRD,NA
Guam,,182.0,GUM,OC
Guatemala,843.9228087317883,43664.0,GTM,NA
Guinea,55.47799014955372,142720.0,GIN,AF
Guinea-Bissau,197.3666031291834,16220.0,GNB,AF
Guyana,211.92320976213102,16766.0,GUY,SA
Haiti,127.0,17752.66,HTI,NA
Honduras,487.23857505365237,32108.0,HND,NA
"Hong Kong SAR, China",19516.368718519152,51.0,HKG,AS
Hungary,653.2908606242144,55182.0,HUN,EU
Iceland,386.6695512579326,17508.4,ISL,EU
India,1146.817798962709,1797058.0,IND,AS
Indonesia,1466.1584219239135,542400.0,IDN,AS
"Iran, Islamic Rep.",863.0,487266.0,IRN,AS
Iraq,680.503097188655,80234.0,IRQ,AS
Ireland,476.17382412602257,44090.2,IRL,EU
Isle of Man,,424.14,IMN,EU
Israel,6451.0,5198.6,ISR,AS
Italy,2247.201297930147,140686.2,ITA,EU
Jamaica,1281.6785271955346,4490.0,JAM,NA
Japan,10657.509749433195,45880.0,JPN,AS
Jordan,559.2137207455539,10089.4,JOR,AS
Kazakhstan,29.105722580639693,2084070.0,KAZ,AS
Kenya,285.30953278826695,273960.0,KEN,AF
Kiribati,752.4248423014866,340.0,KIR,OC
"Korea, Dem. Rep.",863.0,25780.0,PRK,AS
"Korea, Rep.",10617.002158400901,17858.0,KOR,AS
Kosovo,558.0,,KOS,EU
Kuwait,3157.313743059786,1516.0,KWT,AS
Kyrgyz Republic,73.16632228094659,106312.4,KGZ,AS
Lao PDR,696.4520880664342,23696.0,LAO,AS
Latvia,362.7686168620595,18240.0,LVA,EU
Lebanon,1848.8069901353465,6674.0,LBN,AS
Lesotho,50.937115039890294,23248.6,LSO,AF
Liberia,185.74075713920755,26360.0,LBR,AF
Libya,79.86106560255934,155390.0,LBY,AF
Liechtenstein,,64.6,LIE,EU
Lithuania,356.39846550222677,27563.0,LTU,EU
Luxembourg,894.6001644833926,1310.32,LUX,EU
"Macao SAR, China",,,MAC,AS
"Macedonia, FYR",646.8608793925915,11160.0,MKD,EU
Madagascar,43.8495983248872,413370.0,MDG,AF
Malawi,188.57100471575495,55500.0,MWI,AF
Malaysia,2592.5824924722006,78459.0,MYS,AS
Maldives,10167.660769539765,70.0,MDV,AS
Mali,65.22753587669928,411670.0,MLI,AF
Malta,10934.81483855486,99.0,MLT,EU
Marshall Islands,,130.0,MHL,OC
Mauritania,11.108934021547404,396790.0,MRT,AF
Mauritius,2834.510517658432,898.0,MUS,AF
Mexico,265.3193264731769,1037176.0,MEX,NA
"Micronesia, Fed. Sts.",2506.85520361991,221.0,FSM,OC
Moldova,210.50827001586478,24674.0,MDA,EU
Monaco,,,MCO,EU
Mongolia,7.210548057396521,1136621.6,MNG,AS
Montenegro,497.3950815706291,5128.0,MNE,EU
Morocco,330.25362375297885,300957.4,MAR,AF
Mozambique,52.392588478729635,494300.0,MOZ,AF
Myanmar,542.0,124790.4,MMR,AS
Namibia,17.529944902036487,388086.0,NAM,AF
Nepal,950.2479162215145,42314.0,NPL,AS
Netherlands,5590.855766095187,18983.8,NLD,EU
New Caledonia,,2378.0,NCL,OC
New Zealand,518.8912003042866,113846.6,NZL,OC
Nicaragua,226.91372171833018,51310.0,NIC,NA
Niger,41.47997078847997,439820.0,NER,AF
Nigeria,835.2347478937991,751200.0,NGA,AF
Northern Mariana Islands,,30.0,MNP,OC
Norway,4170.248410914819,10068.76,NOR,EU
Oman,358.8655383410167,17109.4,OMN,AS
Pakistan,1303.4173508900678,265280.0,PAK,AS
Palau,1569.337,50.0,PLW,OC
Panama,363.3933787731256,22594.0,PAN,NA
Papua New Guinea,688.0,11900.0,PNG,OC
Paraguay,145.4198109568261,210434.0,PRY,SA
Peru,5075.0,220332.0,PER,SA
Philippines,1632.3773821585585,120490.0,PHL,AS
Poland,667.9610109878138,152370.0,POL,EU
Portugal,966.0229990255493,36866.6,PRT,EU
Puerto Rico,2842.6546445795766,1907.6,PRI,NA
Qatar,1751.5923062073111,659.4,QAT,AS
Romania,605.9902396925498,138252.0,ROU,EU
Russian Federation,216.23801444634177,2148868.0,RUS,AS
Rwanda,786.3227765605857,19015.54,RWA,AF
Samoa,1532.1011558514203,353.8,WSM,OC
San Marino,,10.0,SMR,EU
Sao Tome and Principe,601.7823947323751,489.8,STP,AF
Saudi Arabia,55.9157627989779,1734214.0,SAU,AS
Senegal,161.94510226342905,93668.0,SEN,AF
Serbia,558.0522057567956,50550.0,SCG,EU
Seychelles,5706.6812457213155,30.0,SYC,AF
Sierra Leone,328.3445695637217,35622.36,SLE,AF
Singapore,93993.56974493031,7.2,SGP,AS
Sint Maarten (Dutch part),,,SXM,NA
Slovak Republic,1169.8825406674428,19337.6,SVK,EU
Slovenia,1449.3000698596547,4763.0,SVN,EU
Solomon Islands,,940.0,SLB,OC
Somalia,259.0,441288.0,SOM,AF
South Africa,65.33855869668217,967404.0,ZAF,AF
South Sudan,92.0,285332.0,SSD,AF
Spain,935.0970205876398,276302.5,ESP,EU
Sri Lanka,1821.1292395444223,26070.0,LKA,AS
St. Kitts and Nevis,1332.3438686035859,56.6,KNA,NA
St. Lucia,2533.435280151947,109.2,LCA,NA
St. Martin (French part),,,MAF,NA
St. Vincent and the Grenadines,3177.0371111111117,100.0,VCT,NA
Sudan,92.39786900798435,1261001.6,SDN,AF
Suriname,3804.3892606297013,792.4,SUR,SA
Swaziland,128.8208069820681,12224.0,SWZ,AF
Sweden,1755.9684658630233,30743.2,SWE,EU
Switzerland,2224.332404045527,15247.8,CHE,EU
Syrian Arab Republic,681.0,138998.0,SYR,AS
Tajikistan,204.56528845198363,48102.0,TJK,AS
Tanzania,123.41534511355678,378848.8,TZA,AF
Thailand,1411.239400880771,209818.72000000003,THA,AS
Timor-Leste,397.15355805243445,3738.0,TLS,AS
Togo,233.2547178085958,36880.0,TGO,AF
Tonga,1559.9734569333964,308.0,TON,OC
Trinidad and Tobago,1743.8091374000562,540.0,TTO,NA
Tunisia,280.868487451125,99718.0,TUN,AF
Turkey,1161.190406817995,387398.0,TUR,AS
Turkmenistan,79.2512295464708,328956.0,TKM,AS
Turks and Caicos Islands,,10.0,TCA,NA
Tuvalu,3539.6854628677033,18.0,TUV,OC
Uganda,204.03691053356073,140120.0,UGA,AF
Ukraine,219.16605429607674,412826.0,UKR,EU
United Arab Emirates,4635.193243494859,4258.2,ARE,AS
United Kingdom,654.6684633011898,173158.0,GBR,EU
United States,320.29329824679286,4113410.2,USA,NA
Uruguay,180.69268016066832,146792.0,URY,SA
Uzbekistan,203.41937884459273,266590.0,UZB,AS
Vanuatu,630.2955716810767,1870.0,VUT,OC
"Venezuela, RB",636.7850771027067,213400.0,VEN,SA
Vietnam,1748.595990808396,105969.6,VNM,AS
Virgin Islands (U.S.),,40.0,VIR,NA
West Bank and Gaza,1355.174581773517,2838.8,WBK,AS
"Yemen, Rep.",359.0,235082.0,YEM,AS
Zambia,69.05489364985308,234956.0,ZMB,AF
Zimbabwe,53.16041787771106,163220.0,ZWE,AF
