country,building-structure,building-content,building-total,landuse-total,object-total,a3,continent
Afghanistan,99.28469916445387,49.642349582226935,148.9270487466808,29.785409749336164,14892.704874668081,AFG,AS
Albania,215.08229446217345,107.54114723108673,322.6234416932602,64.52468833865204,32262.344169326017,ALB,EU
Algeria,218.50048693156558,109.25024346578279,327.7507303973484,65.55014607946968,32775.07303973484,DZA,AF
American Samoa,0.0,0.0,0.0,0.0,0.0,ASM,OC
Andorra,0.0,0.0,0.0,0.0,0.0,AND,EU
Angola,215.94328650312627,107.97164325156314,323.9149297546894,64.78298595093788,32391.49297546894,AGO,AF
Antigua and Barbuda,333.30091075442465,166.65045537721232,499.951366131637,99.9902732263274,49995.1366131637,ATG,NA
Argentina,317.34109533407235,158.67054766703617,476.0116430011085,95.2023286002217,47601.164300110846,ARG,SA
Armenia,192.36569302949488,96.18284651474744,288.5485395442423,57.709707908848465,28854.85395442423,ARM,AS
Aruba,423.82217600730695,211.91108800365348,635.7332640109604,127.14665280219208,63573.32640109604,ABW,NA
Australia,567.3953107935579,283.69765539677894,851.0929661903368,170.21859323806737,85109.29661903369,AUS,OC
Austria,544.0325233676524,272.0162616838262,816.0487850514786,163.20975701029573,81604.87850514786,AUT,EU
Azerbaijan,244.80793672024325,122.40396836012162,367.2119050803649,73.44238101607299,36721.19050803649,AZE,AS
"Bahamas, The",407.550575549473,203.7752877747365,611.3258633242095,122.26517266484191,61132.58633242096,BHS,NA
Bahrain,397.3609562116999,198.68047810584994,596.0414343175498,119.20828686350997,59604.14343175499,BHR,AS
Bangladesh,111.74505834835053,55.87252917417526,167.61758752252578,33.52351750450516,16761.75875225258,BGD,AS
Barbados,359.23247331414564,179.61623665707282,538.8487099712185,107.7697419942437,53884.87099712185,BRB,NA
Belarus,244.42089238124578,122.21044619062289,366.6313385718687,73.32626771437374,36663.13385718687,BLR,EU
Belgium,534.4874244958249,267.24371224791247,801.7311367437374,160.34622734874748,80173.11367437373,BEL,EU
Belize,221.8980843656566,110.9490421828283,332.8471265484849,66.56942530969698,33284.71265484849,BLZ,NA
Benin,107.50981973942103,53.75490986971052,161.26472960913156,32.25294592182632,16126.472960913157,BEN,AF
Bermuda,696.5163373260507,348.25816866302534,1044.774505989076,208.95490119781522,104477.4505989076,BMU,NA
Bhutan,168.37757741614894,84.18878870807447,252.5663661242234,50.51327322484468,25256.636612422342,BTN,AS
Bolivia,159.9276470232841,79.96382351164205,239.89147053492616,47.97829410698523,23989.147053492616,BOL,SA
Bosnia and Herzegovina,219.09971710223212,109.54985855111606,328.64957565334817,65.72991513066964,32864.957565334815,BIH,EU
Botswana,262.1710244070345,131.08551220351725,393.25653661055173,78.65130732211036,39325.65366105517,BWA,AF
Brazil,312.1306547332768,156.0653273666384,468.1959820999152,93.63919641998305,46819.59820999152,BRA,SA
Brunei Darussalam,464.8881454006547,232.44407270032735,697.3322181009821,139.46644362019643,69733.22181009821,BRN,AS
Bulgaria,256.28560636669124,128.14280318334562,384.42840955003686,76.88568191000738,38442.84095500369,BGR,EU
Burkina Faso,101.38945908740571,50.694729543702856,152.08418863110856,30.416837726221715,15208.418863110855,BFA,AF
Burundi,69.161785980655,34.5808929903275,103.7426789709825,20.7485357941965,10374.267897098249,BDI,AF
Cabo Verde,199.02146459189524,99.51073229594762,298.5321968878429,59.70643937756858,29853.219688784287,CPV,AF
Cambodia,112.8544000259825,56.42720001299125,169.28160003897375,33.85632000779475,16928.160003897374,KHM,AS
Cameroon,130.68588621115336,65.34294310557668,196.02882931673003,39.20576586334601,19602.882931673004,CMR,AF
Canada,548.6093393258976,274.3046696629488,822.9140089888465,164.58280179776932,82291.40089888465,CAN,NA
Cayman Islands,0.0,0.0,0.0,0.0,0.0,CYM,NA
Central African Republic,91.6986063747873,45.84930318739365,137.54790956218096,27.509581912436193,13754.790956218096,CAF,AF
Chad,119.56853379781461,59.784266898907305,179.3528006967219,35.870560139344384,17935.28006967219,TCD,AF
Channel Islands,0.0,0.0,0.0,0.0,0.0,CHA,NA
Chile,329.96489252291565,164.98244626145782,494.94733878437347,98.9894677568747,49494.73387843735,CHL,SA
China,220.1120105118714,110.0560052559357,330.1680157678071,66.03360315356143,33016.80157678071,CHN,AS
Colombia,250.1528494815655,125.07642474078276,375.2292742223483,75.04585484446966,37522.92742223483,COL,SA
Comoros,111.40605233867164,55.70302616933582,167.10907850800746,33.421815701601496,16710.907850800744,COM,AF
"Congo, Dem. Rep.",82.47364581481844,41.23682290740922,123.71046872222766,24.742093744445533,12371.046872222765,COD,AF
"Congo, Rep.",187.41816629803802,93.70908314901901,281.127249447057,56.22544988941141,28112.7249447057,COG,AF
Costa Rica,273.26351958981854,136.63175979490927,409.8952793847278,81.97905587694557,40989.527938472784,CRI,NA
Cote d'Ivoire,137.67818555357363,68.83909277678681,206.51727833036045,41.3034556660721,20651.727833036046,CIV,AF
Croatia,338.0166289076198,169.0083144538099,507.0249433614297,101.40498867228594,50702.49433614297,HRV,EU
Cuba,242.51773201374667,121.25886600687333,363.77659802062,72.755319604124,36377.659802062,CUB,NA
Curacao,0.0,0.0,0.0,0.0,0.0,CUW,NA
Cyprus,446.99627424872705,223.49813712436352,670.4944113730905,134.09888227461812,67049.44113730906,CYP,AS
Czech Republic,391.4659860835836,195.7329930417918,587.1989791253753,117.43979582507507,58719.89791253753,CZE,EU
Denmark,591.2576656081799,295.62883280408994,886.8864984122698,177.37729968245398,88688.64984122699,DNK,EU
Djibouti,139.355042209727,69.6775211048635,209.0325633145905,41.8065126629181,20903.25633145905,DJI,AF
Dominica,261.39497619556914,130.69748809778457,392.0924642933537,78.41849285867075,39209.24642933537,DMA,NA
Dominican Republic,235.70495247517843,117.85247623758922,353.55742871276766,70.71148574255353,35355.742871276765,DOM,NA
Ecuador,223.94757684783926,111.97378842391963,335.9213652717589,67.18427305435178,33592.136527175884,ECU,SA
"Egypt, Arab Rep.",184.49267748914903,92.24633874457452,276.73901623372353,55.34780324674471,27673.901623372352,EGY,AF
El Salvador,199.72010658521552,99.86005329260776,299.5801598778233,59.916031975564664,29958.015987782328,SLV,NA
Equatorial Guinea,366.3467812312942,183.1733906156471,549.5201718469413,109.90403436938826,54952.01718469412,GNQ,AF
Eritrea,84.455331592892,42.227665796446,126.682997389338,25.3365994778676,12668.2997389338,ERI,AF
Estonia,348.6350254418934,174.3175127209467,522.95253816284,104.590507632568,52295.25381628401,EST,EU
Ethiopia,82.19671723489547,41.09835861744774,123.29507585234322,24.659015170468646,12329.507585234322,ETH,AF
Faeroe Islands,0.0,0.0,0.0,0.0,0.0,FRO,EU
Fiji,204.21602178913943,102.10801089456972,306.32403268370916,61.26480653674184,30632.403268370916,FJI,OC
Finland,542.9398829220765,271.4699414610383,814.4098243831148,162.881964876623,81440.98243831148,FIN,EU
France,517.0870476265136,258.5435238132568,775.6305714397704,155.1261142879541,77563.05714397704,FRA,EU
French Polynesia,0.0,0.0,0.0,0.0,0.0,PYF,OC
Gabon,293.55950004473783,146.77975002236892,440.3392500671067,88.06785001342135,44033.92500671067,GAB,AF
"Gambia, The",99.63470917834398,49.81735458917199,149.45206376751597,29.890412753503195,14945.206376751597,GMB,AF
Georgia,179.57813816030696,89.78906908015348,269.36720724046046,53.873441448092095,26936.720724046045,GEO,AS
Germany,522.0270785899816,261.0135392949908,783.0406178849723,156.60812357699447,78304.06178849723,DEU,EU
Ghana,138.2732870201763,69.13664351008815,207.40993053026443,41.48198610605289,20740.993053026443,GHA,AF
Greece,440.5788419051012,220.2894209525506,660.8682628576519,132.17365257153037,66086.82628576519,GRC,EU
Greenland,0.0,0.0,0.0,0.0,0.0,GRL,NA
Grenada,267.6535411614388,133.8267705807194,401.48031174215816,80.29606234843163,40148.031174215816,GRD,NA
Guam,0.0,0.0,0.0,0.0,0.0,GUM,OC
Guatemala,186.47449367406756,93.23724683703378,279.7117405111013,55.942348102220265,27971.17405111013,GTM,NA
Guinea,90.0412498753908,45.0206249376954,135.0618748130862,27.012374962617244,13506.187481308621,GIN,AF
Guinea-Bissau,97.41324924661784,48.70662462330892,146.11987386992675,29.22397477398535,14611.987386992674,GNB,AF
Guyana,186.26412592316146,93.13206296158073,279.3961888847422,55.879237776948436,27939.61888847422,GUY,SA
Haiti,106.24874001300029,53.12437000650014,159.37311001950042,31.874622003900086,15937.311001950042,HTI,NA
Honduras,164.40165965524503,82.20082982762251,246.60248948286755,49.320497896573514,24660.248948286757,HND,NA
"Hong Kong SAR, China",474.4140520470764,237.2070260235382,711.6210780706145,142.32421561412292,71162.10780706146,HKG,AS
Hungary,332.72036666441505,166.36018333220753,499.0805499966226,99.81610999932452,49908.05499966226,HUN,EU
Iceland,521.8951320206326,260.9475660103163,782.8426980309489,156.5685396061898,78284.2698030949,ISL,EU
India,141.85324262199438,70.92662131099719,212.7798639329916,42.55597278659832,21277.986393299157,IND,AS
Indonesia,188.06527525070214,94.03263762535107,282.0979128760532,56.41958257521065,28209.791287605323,IDN,AS
"Iran, Islamic Rep.",242.07409666613927,121.03704833306963,363.11114499920893,72.6222289998418,36311.11449992089,IRN,AS
Iraq,220.88192309599435,110.44096154799718,331.32288464399153,66.2645769287983,33132.28846439916,IRQ,AS
Ireland,550.5427930640797,275.27139653203983,825.8141895961195,165.1628379192239,82581.41895961195,IRL,EU
Isle of Man,0.0,0.0,0.0,0.0,0.0,IMN,EU
Israel,462.9715144801198,231.4857572400599,694.4572717201797,138.89145434403596,69445.72717201797,ISR,AS
Italy,492.5293807583681,246.26469037918406,738.7940711375522,147.75881422751044,73879.40711375522,ITA,EU
Jamaica,229.069158546129,114.5345792730645,343.6037378191935,68.7207475638387,34360.37378191935,JAM,NA
Japan,528.6798351649712,264.3399175824856,793.0197527474568,158.60395054949137,79301.97527474568,JPN,AS
Jordan,218.90917326662068,109.45458663331034,328.36375989993104,65.67275197998622,32836.3759899931,JOR,AS
Kazakhstan,290.00482642895463,145.00241321447731,435.00723964343194,87.00144792868639,43500.7239643432,KAZ,AS
Kenya,122.95989155048402,61.47994577524201,184.43983732572602,36.8879674651452,18443.9837325726,KEN,AF
Kiribati,146.43752615469114,73.21876307734557,219.65628923203673,43.93125784640735,21965.628923203672,KIR,OC
"Korea, Dem. Rep.",155.5442208682107,77.77211043410534,233.31633130231603,46.66326626046321,23331.633130231603,PRK,AS
"Korea, Rep.",409.0439783621661,204.52198918108306,613.5659675432491,122.71319350864984,61356.59675432491,KOR,AS
Kosovo,196.07053966421947,98.03526983210973,294.1058094963292,58.82116189926584,29410.58094963292,KOS,EU
Kuwait,506.5345374544052,253.2672687272026,759.8018061816078,151.96036123632157,75980.18061816078,KWT,AS
Kyrgyz Republic,118.07142837996113,59.03571418998057,177.1071425699417,35.42142851398834,17710.714256994168,KGZ,AS
Lao PDR,129.6902093804952,64.8451046902476,194.5353140707428,38.90706281414856,19453.53140707428,LAO,AS
Latvia,317.1931203688186,158.5965601844093,475.78968055322787,95.15793611064558,47578.96805532279,LVA,EU
Lebanon,286.08574628679776,143.04287314339888,429.12861943019664,85.82572388603933,42912.86194301966,LBN,AS
Lesotho,127.89797137057062,63.94898568528531,191.8469570558559,38.369391411171186,19184.69570558559,LSO,AF
Liberia,80.59797604971722,40.29898802485861,120.89696407457583,24.17939281491517,12089.696407457583,LBR,AF
Libya,326.8717601393783,163.43588006968915,490.3076402090675,98.0615280418135,49030.76402090675,LBY,AF
Liechtenstein,0.0,0.0,0.0,0.0,0.0,LIE,EU
Lithuania,321.47695464151786,160.73847732075893,482.2154319622768,96.44308639245537,48221.54319622768,LTU,EU
Luxembourg,738.9845270002643,369.49226350013214,1108.4767905003964,221.6953581000793,110847.67905003965,LUX,EU
"Macao SAR, China",572.6097342715666,286.3048671357833,858.9146014073499,171.78292028146998,85891.46014073498,MAC,AS
"Macedonia, FYR",220.28324569989564,110.14162284994782,330.4248685498435,66.08497370996871,33042.48685498435,MKD,EU
Madagascar,88.31798057384408,44.15899028692204,132.47697086076613,26.495394172153226,13247.697086076612,MDG,AF
Malawi,83.6402126218958,41.8201063109479,125.4603189328437,25.092063786568744,12546.031893284371,MWI,AF
Malaysia,286.0655177423574,143.0327588711787,429.0982766135361,85.81965532270722,42909.82766135361,MYS,AS
Maldives,255.8600631426189,127.93003157130946,383.7900947139284,76.75801894278568,38379.00947139284,MDV,AS
Mali,106.52386100681694,53.26193050340847,159.7857915102254,31.957158302045084,15978.57915102254,MLI,AF
Malta,390.9408100226373,195.47040501131866,586.411215033956,117.28224300679119,58641.121503395596,MLT,EU
Marshall Islands,192.4067460501131,96.20337302505655,288.6101190751697,57.722023815033936,28861.011907516968,MHL,OC
Mauritania,122.9294883890242,61.4647441945121,184.3942325835363,36.87884651670726,18439.423258353632,MRT,AF
Mauritius,270.7220050909765,135.36100254548825,406.08300763646474,81.21660152729295,40608.300763646475,MUS,AF
Mexico,288.14850750751003,144.07425375375502,432.2227612612651,86.44455225225302,43222.27612612651,MEX,NA
"Micronesia, Fed. Sts.",185.3743845423378,92.6871922711689,278.0615768135067,55.61231536270134,27806.15768135067,FSM,OC
Moldova,149.76665410505896,74.88332705252948,224.64998115758846,44.92999623151769,22464.998115758845,MDA,EU
Monaco,844.008509508155,422.0042547540775,1266.0127642622326,253.20255285244653,126601.27642622327,MCO,EU
Mongolia,170.53484066193482,85.26742033096741,255.80226099290223,51.16045219858045,25580.226099290223,MNG,AS
Montenegro,257.1124020013219,128.55620100066096,385.6686030019829,77.13372060039659,38566.86030019829,MNE,EU
Morocco,184.97837581904298,92.48918790952149,277.46756372856447,55.4935127457129,27746.756372856446,MAR,AF
Mozambique,89.13278085164511,44.566390425822554,133.69917127746766,26.739834255493534,13369.917127746765,MOZ,AF
Myanmar,135.99035396681106,67.99517698340553,203.98553095021657,40.797106190043316,20398.553095021656,MMR,AS
Namibia,233.67262123050702,116.83631061525351,350.5089318457605,70.10178636915211,35050.89318457605,NAM,AF
Nepal,101.59764844121318,50.79882422060659,152.39647266181976,30.47929453236395,15239.647266181975,NPL,AS
Netherlands,561.1695276771424,280.5847638385712,841.7542915157135,168.3508583031427,84175.42915157134,NLD,EU
New Caledonia,0.0,0.0,0.0,0.0,0.0,NCL,OC
New Zealand,476.07379841527137,238.03689920763568,714.1106976229071,142.82213952458142,71411.0697622907,NZL,OC
Nicaragua,146.29611746203784,73.14805873101892,219.44417619305676,43.88883523861136,21944.417619305677,NIC,NA
Niger,83.66007446130487,41.83003723065244,125.49011169195731,25.098022338391463,12549.011169195732,NER,AF
Nigeria,171.25708701340628,85.62854350670314,256.88563052010943,51.37712610402189,25688.563052010944,NGA,AF
Northern Mariana Islands,0.0,0.0,0.0,0.0,0.0,MNP,OC
Norway,690.0469124953145,345.02345624765724,1035.0703687429718,207.01407374859437,103507.03687429718,NOR,EU
Oman,400.15155975217607,200.07577987608803,600.2273396282641,120.04546792565282,60022.73396282641,OMN,AS
Pakistan,125.12929962832736,62.56464981416368,187.69394944249103,37.53878988849821,18769.394944249103,PAK,AS
Palau,297.01780112657787,148.50890056328893,445.5267016898668,89.10534033797336,44552.67016898668,PLW,OC
Panama,274.0837712647462,137.0418856323731,411.12565689711926,82.22513137942386,41112.565689711926,PAN,NA
Papua New Guinea,140.49601588929127,70.24800794464564,210.74402383393692,42.148804766787386,21074.40238339369,PNG,OC
Paraguay,191.79641981658844,95.89820990829422,287.69462972488265,57.53892594497653,28769.462972488265,PRY,SA
Peru,231.88496359651776,115.94248179825888,347.82744539477665,69.56548907895534,34782.744539477666,PER,SA
Philippines,166.14180382223057,83.07090191111529,249.21270573334584,49.84254114666917,24921.270573334583,PHL,AS
Poland,327.973956892904,163.986978446452,491.96093533935607,98.39218706787122,49196.09353393561,POL,EU
Portugal,411.78523269548697,205.89261634774348,617.6778490432305,123.5355698086461,61767.784904323045,PRT,EU
Puerto Rico,437.8902924266857,218.94514621334284,656.8354386400285,131.3670877280057,65683.54386400286,PRI,NA
Qatar,642.42932670897,321.214663354485,963.643990063455,192.72879801269102,96364.3990063455,QAT,AS
Romania,278.1492501470164,139.0746250735082,417.22387522052463,83.44477504410493,41722.387522052464,ROU,EU
Russian Federation,309.1677693073239,154.58388465366195,463.7516539609859,92.75033079219719,46375.165396098586,RUS,AS
Rwanda,96.82789132387641,48.41394566193821,145.24183698581461,29.048367397162924,14524.18369858146,RWA,AF
Samoa,199.99482812890588,99.99741406445294,299.99224219335883,59.99844843867177,29999.224219335883,WSM,OC
San Marino,0.0,0.0,0.0,0.0,0.0,SMR,EU
Sao Tome and Principe,129.91809898404955,64.95904949202477,194.87714847607432,38.97542969521487,19487.714847607433,STP,AF
Saudi Arabia,388.1055402473204,194.0527701236602,582.1583103709806,116.43166207419614,58215.83103709806,SAU,AS
Senegal,123.96197002148489,61.980985010742444,185.94295503222733,37.18859100644547,18594.295503222733,SEN,AF
Serbia,237.47572719430605,118.73786359715302,356.21359079145907,71.24271815829182,35621.35907914591,SCG,EU
Seychelles,310.64114672157154,155.32057336078577,465.9617200823573,93.19234401647147,46596.172008235735,SYC,AF
Sierra Leone,91.04957124075298,45.52478562037649,136.57435686112947,27.314871372225895,13657.435686112947,SLE,AF
Singapore,544.5983415912784,272.2991707956392,816.8975123869177,163.37950247738354,81689.75123869177,SGP,AS
Sint Maarten (Dutch part),0.0,0.0,0.0,0.0,0.0,SXM,NA
Slovak Republic,365.2565700410931,182.62828502054654,547.8848550616397,109.57697101232793,54788.48550616397,SVK,EU
Slovenia,417.8986382874697,208.94931914373484,626.8479574312046,125.36959148624092,62684.795743120456,SVN,EU
Solomon Islands,137.0028266398652,68.5014133199326,205.5042399597978,41.10084799195956,20550.423995979778,SLB,OC
Somalia,76.37322598430234,38.18661299215117,114.5598389764535,22.911967795290703,11455.98389764535,SOM,AF
South Africa,264.9720562355902,132.4860281177951,397.4580843533853,79.49161687067706,39745.80843533853,ZAF,AF
South Sudan,148.00390051258685,74.00195025629343,222.0058507688803,44.401170153776064,22200.58507688803,SSD,AF
Spain,464.0498979999432,232.0249489999716,696.0748469999148,139.21496939998298,69607.48469999149,ESP,EU
Sri Lanka,173.772627094585,86.8863135472925,260.6589406418775,52.131788128375504,26065.89406418775,LKA,AS
St. Kitts and Nevis,335.3584248452067,167.67921242260334,503.03763726781006,100.60752745356201,50303.763726781006,KNA,NA
St. Lucia,262.65979903668426,131.32989951834213,393.9896985550264,78.79793971100528,39398.96985550264,LCA,NA
St. Martin (French part),0.0,0.0,0.0,0.0,0.0,MAF,NA
St. Vincent and the Grenadines,250.96069262092263,125.48034631046131,376.44103893138396,75.2882077862768,37644.103893138396,VCT,NA
Sudan,142.7147102948397,71.35735514741985,214.07206544225954,42.814413088451914,21407.206544225955,SDN,AF
Suriname,280.5319992138173,140.26599960690865,420.797998820726,84.1595997641452,42079.7998820726,SUR,SA
Swaziland,195.5672236398775,97.78361181993876,293.35083545981627,58.67016709196326,29335.083545981626,SWZ,AF
Sweden,568.555079068969,284.2775395344845,852.8326186034535,170.56652372069072,85283.26186034534,SWE,EU
Switzerland,651.8915836652603,325.94579183263016,977.8373754978904,195.5674750995781,97783.73754978905,CHE,EU
Syrian Arab Republic,232.31590440001668,116.15795220000834,348.473856600025,69.694771320005,34847.385660002496,SYR,AS
Tajikistan,110.43085013655474,55.21542506827737,165.6462752048321,33.12925504096642,16564.62752048321,TJK,AS
Tanzania,96.74547796016391,48.372738980081955,145.11821694024587,29.023643388049177,14511.821694024587,TZA,AF
Thailand,227.00206743411167,113.50103371705583,340.50310115116747,68.1006202302335,34050.31011511675,THA,AS
Timor-Leste,117.85398697745927,58.926993488729636,176.7809804661889,35.356196093237784,17678.098046618892,TLS,AS
Togo,95.1964405790006,47.5982202895003,142.7946608685009,28.558932173700182,14279.46608685009,TGO,AF
Tonga,201.98492689263003,100.99246344631501,302.97739033894504,60.59547806778901,30297.739033894504,TON,OC
Trinidad and Tobago,357.63206407468425,178.81603203734213,536.4480961120264,107.28961922240529,53644.80961120264,TTO,NA
Tunisia,215.79940926461333,107.89970463230667,323.69911389692,64.739822779384,32369.911389692,TUN,AF
Turkey,302.67641502916354,151.33820751458177,454.0146225437453,90.80292450874907,45401.46225437453,TUR,AS
Turkmenistan,219.33293363680002,109.66646681840001,328.99940045520003,65.79988009104001,32899.94004552,TKM,AS
Turks and Caicos Islands,0.0,0.0,0.0,0.0,0.0,TCA,NA
Tuvalu,195.0325866896257,97.51629334481285,292.5488800344385,58.509776006887705,29254.88800344385,TUV,OC
Uganda,92.85620889462697,46.42810444731349,139.28431334194045,27.85686266838809,13928.431334194045,UGA,AF
Ukraine,188.7355244782283,94.36776223911416,283.1032867173425,56.6206573434685,28310.32867173425,UKR,EU
United Arab Emirates,481.8217102828376,240.9108551414188,722.7325654242564,144.54651308485128,72273.25654242565,ARE,AS
United Kingdom,505.41479941296535,252.70739970648268,758.122199119448,151.62443982388962,75812.2199119448,GBR,EU
United States,552.6462020957377,276.3231010478689,828.9693031436066,165.79386062872132,82896.93031436065,USA,NA
Uruguay,318.0891161395303,159.04455806976515,477.13367420929546,95.4267348418591,47713.36742092955,URY,SA
Uzbekistan,140.2976005473728,70.1488002736864,210.44640082105923,42.08928016421185,21044.64008210592,UZB,AS
Vanuatu,188.53381739797058,94.26690869898529,282.8007260969559,56.56014521939118,28280.072609695588,VUT,OC
"Venezuela, RB",338.5778713495094,169.2889356747547,507.86680702426406,101.57336140485282,50786.680702426405,VEN,SA
Vietnam,138.57366406453448,69.28683203226724,207.86049609680174,41.572099219360354,20786.049609680173,VNM,AS
Virgin Islands (U.S.),0.0,0.0,0.0,0.0,0.0,VIR,NA
West Bank and Gaza,172.04946089313742,86.02473044656871,258.07419133970615,51.61483826794123,25807.419133970616,WBK,AS
"Yemen, Rep.",140.97977260628858,70.48988630314429,211.46965890943287,42.29393178188658,21146.965890943287,YEM,AS
Zambia,146.226059449744,73.113029724872,219.33908917461602,43.86781783492321,21933.908917461602,ZMB,AF
Zimbabwe,109.4715016916206,54.7357508458103,164.20725253743092,32.841450507486186,16420.72525374309,ZWE,AF
Arab World,247.84678680217866,123.92339340108933,371.77018020326796,74.3540360406536,37177.018020326796,,
Caribbean small states,284.46987480454845,142.23493740227423,426.7048122068227,85.34096244136454,42670.48122068227,,
Central Europe and the Baltics,327.6534251152502,163.8267125576251,491.48013767287523,98.29602753457505,49148.01376728752,,
East Asia & Pacific (all income levels),268.9677704246076,134.4838852123038,403.45165563691137,80.69033112738228,40345.16556369114,,
East Asia & Pacific (developing only),209.20334340407473,104.60167170203736,313.8050151061121,62.76100302122242,31380.501510611208,,
Euro area,502.59570352934287,251.29785176467144,753.8935552940143,150.77871105880286,75389.35552940142,,
Europe & Central Asia (all income levels),417.808694919729,208.9043474598645,626.7130423795935,125.34260847591871,62671.30423795935,,
Europe & Central Asia (developing only),250.4403582703359,125.22017913516795,375.6605374055039,75.13210748110077,37566.053740550386,,
European Union,480.0240214779045,240.01201073895226,720.0360322168567,144.00720644337136,72003.60322168567,,
Fragile and conflict affected situations,138.6121163179521,69.30605815897604,207.91817447692813,41.58363489538563,20791.817447692814,,
Heavily indebted poor countries (HIPC),109.58263378747688,54.79131689373844,164.37395068121532,32.874790136243064,16437.395068121532,,
High income,493.4482813472102,246.7241406736051,740.1724220208152,148.03448440416307,74017.24220208153,,
High income: nonOECD,364.01982121966324,182.00991060983162,546.0297318294948,109.20594636589897,54602.973182949485,,
High income: OECD,517.1538628667614,258.5769314333807,775.7307943001422,155.14615886002844,77573.07943001422,,
Latin America & Caribbean (all income levels),288.1612016291127,144.08060081455636,432.2418024436691,86.44836048873383,43224.18024436691,,
Latin America & Caribbean (developing only),284.3574374041753,142.17871870208765,426.536156106263,85.30723122125261,42653.6156106263,,
Least developed countries: UN classification,110.49130356775579,55.245651783877896,165.7369553516337,33.14739107032674,16573.69553516337,,
Low & middle income,198.099198493823,99.0495992469115,297.1487977407345,59.429759548146905,29714.879774073448,,
Low income,100.10662806675201,50.053314033376004,150.159942100128,30.031988420025602,15015.994210012801,,
Lower middle income,154.1654355907575,77.08271779537876,231.24815338613627,46.24963067722726,23124.815338613625,,
Middle East & North Africa (all income levels),263.3788944629326,131.6894472314663,395.0683416943989,79.01366833887978,39506.83416943989,,
Middle East & North Africa (developing only),211.64266749067488,105.82133374533744,317.46400123601234,63.49280024720247,31746.400123601234,,
Middle income,208.12322550395064,104.06161275197532,312.18483825592597,62.4369676511852,31218.483825592597,,
North America,552.2818208761271,276.14091043806354,828.4227313141906,165.68454626283813,82842.27313141906,,
Not classified,0.0,0.0,0.0,0.0,0.0,,
OECD members,491.57019752247265,245.78509876123633,737.355296283709,147.4710592567418,73735.5296283709,,
Other small states,217.19318772244716,108.59659386122358,325.78978158367073,65.15795631673414,32578.978158367074,,
Pacific island small states,186.91505481101515,93.45752740550758,280.37258221652274,56.07451644330455,28037.258221652275,,
Small states,234.64884472727005,117.32442236363502,351.9732670909051,70.39465341818102,35197.32670909051,,
South Asia,137.1487900519683,68.57439502598415,205.72318507795245,41.14463701559049,20572.318507795244,,
Sub-Saharan Africa (all income levels),145.7026032019925,72.85130160099625,218.55390480298877,43.71078096059776,21855.390480298876,,
Sub-Saharan Africa (developing only),145.24533179641037,72.62266589820518,217.86799769461555,43.57359953892311,21786.799769461555,,
Upper middle income,247.1814780066614,123.5907390033307,370.7722170099921,74.15444340199842,37077.22170099921,,
World,294.9102364244319,147.45511821221595,442.36535463664785,88.47307092732957,44236.53546366478,,
