country,local-gdp,a3,continent,maxdmg
Afghanistan,561.1976175215195,AFG,AS,41.386839118559486
Albania,4175.121637873425,ALB,EU,72.75486344856817
Algeria,4349.569324742564,DZA,AF,89.88039933047365
American Samoa,,ASM,OC,392.0
Andorra,,AND,EU,330.56755690651323
Angola,4218.649125573795,AGO,AF,87.1750372812297
Antigua and Barbuda,13017.310387548714,ATG,NA,268.9923917722244
Argentina,11460.376147593262,ARG,SA,224.4471553773503
Armenia,3124.784854125042,ARM,AS,230.44461344817705
Aruba,24289.141516132615,ABW,NA,501.9158394477588
Australia,51800.93138954103,AUS,OC,1070.4251504849808
Austria,46444.18444403101,AUT,EU,809.3273897827527
Azerbaijan,5842.805783585763,AZE,AS,430.8914639271081
"Bahamas, The",21941.86930301971,BHS,NA,453.41132139081316
Bahrain,20545.967021473167,BHR,AS,1515.2106942441396
Bangladesh,762.8037395100093,BGD,AS,56.25475707748481
Barbados,15812.27977574573,BRB,NA,326.74821676817743
Belarus,5818.854859215805,BLR,EU,101.39824115996635
Belgium,44358.260637472056,BEL,EU,772.9784843200574
Belize,4527.3366386364005,BLZ,NA,93.55381983898097
Benin,690.0022810808662,BEN,AF,14.258349719752218
Bermuda,88207.3275597322,BMU,NA,1822.7344440387467
Bhutan,2211.340513102458,BTN,AS,163.08051066987076
Bolivia,1934.6660667446527,BOL,SA,37.88970708235565
Bosnia and Herzegovina,4380.604285426858,BIH,EU,76.33556438628142
Botswana,6980.361812002998,BWA,AF,144.24363891961914
Brazil,10978.260238245039,BRA,SA,215.00509666812565
Brunei Darussalam,30880.344856698608,BRN,AS,2277.343710321104
Bulgaria,6580.813874807133,BGR,EU,114.6759918319177
Burkina Faso,592.6074699205697,BFA,AF,12.245763216070813
Burundi,219.52979945079323,BDI,AF,4.536409139942591
Cabo Verde,3413.263370061103,CPV,AF,70.53237960273866
Cambodia,782.6188885928034,KHM,AS,57.71607188281437
Cameroon,1145.3689921082075,CMR,AF,23.668141534339345
Canada,47465.34592734272,CAN,NA,980.8337165797759
Cayman Islands,,CYM,NA,392.0
Central African Republic,456.5634086683057,CAF,AF,9.434520621928089
Chad,909.2999069164732,TCD,AF,18.789961176133765
Channel Islands,,CHA,NA,392.0
Chile,12681.765200708847,CHL,SA,248.36760048755713
China,4433.340886303769,CHN,AS,326.947157811393
Colombia,6179.770329446351,COL,SA,121.02847702960152
Comoros,756.8106117671377,COM,AF,15.63889087046484
"Congo, Dem. Rep.",346.70427473387707,COD,AF,7.164368776788604
"Congo, Rep.",2920.406708013456,COG,AF,60.34788769326698
Costa Rica,7773.1854867935135,CRI,NA,160.62671116621283
Cote d'Ivoire,1311.3265646427792,CIV,AF,27.097523107009458
Croatia,13500.854429365825,HRV,EU,235.26328228075582
Cuba,5701.962671099069,CUB,NA,117.82653490094017
Curacao,,CUW,NA,392.0
Cyprus,27889.0371779788,CYP,AS,2056.7426853202433
Czech Republic,19764.01554133967,CZE,EU,344.4039184060629
Denmark,57647.92501606573,DNK,EU,1004.5616095567061
Djibouti,1353.1930280728925,DJI,AF,27.962660358701836
Dominica,6926.847597383098,DMA,NA,143.13781013042563
Dominican Republic,5295.399690253885,DOM,NA,109.4252334517408
Ecuador,4636.69309766662,ECU,SA,90.80788996158894
"Egypt, Arab Rep.",2803.5329626527396,EGY,AF,57.93278446810089
El Salvador,3444.4561484482233,SLV,NA,71.1769536210703
Equatorial Guinea,16638.131066690377,GNQ,AF,343.81377849987496
Eritrea,368.747758196898,ERI,AF,7.619879874179443
Estonia,14629.649391353985,EST,EU,254.93344531885847
Ethiopia,343.6901516437129,ETH,AF,7.102084314408828
Faeroe Islands,,FRO,EU,330.56755690651323
Fiji,3649.3823618700126,FJI,OC,75.41159124159435
Finland,46202.41516284544,FIN,EU,805.114364974289
France,40706.07833430713,FRA,EU,709.3362607389066
French Polynesia,,PYF,OC,392.0
Gabon,9362.113583164833,GAB,AF,193.460649689015
"Gambia, The",566.3481084098611,GMB,AF,11.703134343524805
Georgia,2613.756924727683,GEO,AS,192.75765605789897
Germany,41723.36590205651,DEU,EU,727.0633174570025
Ghana,1326.0920329680807,GHA,AF,27.402639795650376
Greece,26861.45980010071,GRC,EU,468.08261154780223
Greenland,,GRL,NA,392.0
Grenada,7365.66652915404,GRD,NA,152.20565521499122
Guam,,GUM,OC,392.0
Guatemala,2882.386025889481,GTM,NA,59.56222046118484
Guinea,435.4488880121845,GIN,AF,8.99820580394182
Guinea-Bissau,534.1475780567883,GNB,AF,11.037735930324777
Guyana,2873.9520080046564,GUY,SA,56.28526887602488
Haiti,669.1869294459476,HTI,NA,13.828216992240984
Honduras,2078.3257595498253,HND,NA,42.94695296486724
"Hong Kong SAR, China",32549.99823112097,HKG,AS,2400.4762280537343
Hungary,12958.530356965251,HUN,EU,225.81284771749552
Iceland,41695.9936503703,ISL,EU,726.5863338846809
India,1417.0736138018274,IND,AS,104.50542882307055
Indonesia,2946.6560612257317,IDN,AS,217.30808637832672
"Iran, Islamic Rep.",5674.923927350848,IRN,AS,418.5106213183936
Iraq,4473.710439881323,IRQ,AS,329.9243055522923
Ireland,47900.83928925995,IRL,EU,834.7107758366992
Isle of Man,,IMN,EU,330.56755690651323
Israel,30550.920403823093,ISR,AS,2253.04952872231
Italy,35875.72655011426,ITA,EU,625.1634832850502
Jamaica,4917.023201830769,JAM,NA,101.60638350646607
Japan,43117.82967369386,JPN,AS,3179.825829852511
Jordan,4370.721044760126,JOR,AS,322.32911021696054
Kazakhstan,9070.649971999854,KAZ,AS,668.9364305391565
Kenya,977.7780693576124,KEN,AF,20.205008075286454
Kiribati,1539.0474362066386,KIR,OC,31.80319425371652
"Korea, Dem. Rep.",132.7452364149612,PRK,AS,9.7896098838133
"Korea, Rep.",22151.209124386092,KOR,AS,1633.593051163265
Kosovo,3283.4295959298197,KOS,EU,57.216410110757
Kuwait,38584.47959612693,KWT,AS,2845.5032588533973
Kyrgyz Republic,880.0377751191087,KGZ,AS,64.90045695126807
Lao PDR,1122.8523155893602,LAO,AS,82.80738671777569
Latvia,11446.508177371656,LVA,EU,199.4646411863033
Lebanon,8755.849967878179,LBN,AS,645.7207633332885
Lesotho,1083.0120650991068,LSO,AF,22.379585109059033
Liberia,326.6042804450568,LBR,AF,6.749018341300067
Libya,12375.449526795648,LBY,AF,255.72884631016836
Liechtenstein,,LIE,EU,330.56755690651323
Lithuania,11852.169601645375,LTU,EU,206.5336188327651
Luxembourg,102856.971717281,LUX,EU,1792.36572753737
"Macao SAR, China",53045.87903150062,MAC,AS,3911.9931960422127
"Macedonia, FYR",4442.299972178293,MKD,EU,77.41066151021874
Madagascar,414.1427872186572,MDG,AF,8.557932134407675
Malawi,359.5795268367322,MWI,AF,7.430425646810703
Malaysia,8754.24281962666,MYS,AS,645.6022404029541
Maldives,6552.484490661168,MDV,AS,483.22839045454623
Mali,673.6946613814665,MLI,AF,13.921365696443587
Malta,19695.25572390074,MLT,EU,343.20572310484386
Marshall Islands,3126.516365300984,MHL,OC,64.60698024238195
Mauritania,977.1505551132176,MRT,AF,20.19204099126944
Mauritius,7586.893454008226,MUS,AF,156.77713410496705
Mexico,8920.689016241424,MEX,NA,184.338961221225
"Micronesia, Fed. Sts.",2838.4485470811337,FSM,OC,58.65428731975775
Moldova,1631.5358317953226,MDA,EU,28.43082835645839
Monaco,145229.8379015726,MCO,EU,2530.7471114945597
Mongolia,2285.645377517031,MNG,AS,168.5602977773675
Montenegro,6636.07053781006,MNE,EU,115.63888377138444
Morocco,2822.73373914854,MAR,AF,58.32955328129824
Mozambique,424.1349019659666,MOZ,AF,8.764411258337317
Myanmar,93.6591390261115,MMR,AS,6.90711364024605
Namibia,5177.68117922106,NAM,AF,106.99267381416213
Nepal,595.7716261128238,NPL,AS,43.936580754262586
Netherlands,50338.25482737254,NLD,EU,877.184708340645
New Caledonia,,NCL,OC,392.0
New Zealand,32846.45443037917,NZL,OC,678.7459218085733
Nicaragua,1535.1921670004256,NIC,NA,31.723528174178533
Niger,359.8012419579052,NER,AF,7.435007213890292
Nigeria,2310.860517765288,NGA,AF,47.75209926009452
Northern Mariana Islands,,MNP,OC,392.0
Norway,86096.13601946141,NOR,EU,1500.2946411725995
Oman,20922.656773028575,OMN,AS,1542.9905665359818
Pakistan,1023.1957561358365,PAK,AS,75.4579791927981
Palau,9651.13336590132,PLW,OC,199.4330142031269
Panama,7833.90355093678,PAN,NA,161.88140179057552
Papua New Guinea,1382.1437493387666,PNG,OC,28.560904045376727
Paraguay,3100.8351186441673,PRY,SA,60.72868924289452
Peru,5075.476670284519,PER,SA,99.40130115787682
Philippines,2135.918407370696,PHL,AS,157.51832997193912
Poland,12484.073151143239,POL,EU,217.54504806618957
Portugal,22538.65407734817,PRT,EU,392.7542337538221
Puerto Rico,26437.992178883847,PRI,NA,546.3201335857916
Qatar,71510.15574625735,QAT,AS,5273.68473922646
Romania,8139.146673356282,ROU,EU,141.83119826648183
Russian Federation,10709.76936383394,RUS,AS,789.8171478621362
Rwanda,525.8549278030176,RWA,AF,10.866374891870475
Samoa,3456.7696596470514,WSM,OC,71.43140256097229
San Marino,,SMR,EU,330.56755690651323
Sao Tome and Principe,1127.9816671991573,STP,AF,23.30884625946598
Saudi Arabia,19326.582554817593,SAU,AS,1425.2843168514032
Senegal,998.599576382696,SEN,AF,20.635267999052022
Serbia,5399.297619580137,SCG,EU,94.08711771827929
Seychelles,10842.773064233708,SYC,AF,224.05730317235705
Sierra Leone,448.2215321411806,SLE,AF,9.262142361588973
Singapore,46569.68842806844,SGP,AS,3434.3912778639037
Sint Maarten (Dutch part),,SXM,NA,392.0
Slovak Republic,16509.896673997686,SVK,EU,287.6982713917967
Slovenia,23417.644655706827,SVN,EU,408.0713538398456
Solomon Islands,1294.6927321719254,SLB,OC,26.753798155582224
Somalia,5.863747386177933,SOM,AF,0.12116968768485765
South Africa,7175.624804072227,ZAF,AF,148.27859373728586
South Sudan,1582.1505029785951,SSD,AF,32.693884932399015
Spain,30736.002278173593,ESP,EU,535.5996405993078
Sri Lanka,2400.0155749726327,LKA,AS,176.99479716629506
St. Kitts and Nevis,13226.952311418998,KNA,NA,273.32447580792024
St. Lucia,7014.196448685194,LCA,NA,144.94280484367928
St. Martin (French part),,MAF,NA,392.0
St. Vincent and the Grenadines,6231.713225538465,VCT,NA,128.7734098266251
Sudan,1439.52318486175,SDN,AF,29.746604558028782
Suriname,8321.39219682134,SUR,SA,162.97133560908983
Swaziland,3261.593262717462,SWZ,AF,67.39823716316528
Sweden,52076.255913486435,SWE,EU,907.470779660494
Switzerland,74276.71841594251,CHE,EU,1294.3317523347987
Syrian Arab Republic,376.1115031757234,SYR,AS,27.737228004137684
Tajikistan,739.7321918040975,TJK,AS,54.5532914915513
Tanzania,524.693795249513,TZA,AF,10.842381008846024
Thailand,4802.662757662133,THA,AS,354.1836684373274
Timor-Leste,875.8365692712646,TLS,AS,64.59062913821252
Togo,503.1618239916648,TGO,AF,10.397439905362814
Tonga,3546.7778195821,TON,OC,73.29134977734229
Trinidad and Tobago,15630.05045420804,TTO,NA,322.9825924116791
Tunisia,4211.356086050472,TUN,AF,87.02433240547101
Turkey,10135.74889147344,TUR,AS,747.4846571340681
Turkmenistan,4392.719583307519,TKM,AS,323.9514442171036
Turks and Caicos Islands,,TCA,NA,392.0
Tuvalu,3238.4961105457514,TUV,OC,66.92095283784579
Uganda,471.67727989614735,UGA,AF,9.74683678014179
Ukraine,2973.9964807156225,UKR,EU,51.82428839634852
United Arab Emirates,33885.9254421301,ARE,AS,2498.997324419616
United Kingdom,38363.44143562551,GBR,EU,668.5139225039969
United States,48377.3938455507,USA,NA,999.6804632290919
Uruguay,11530.637500401648,URY,SA,225.82319753929264
Uzbekistan,1377.0821404693777,UZB,AS,101.55616349968241
Vanuatu,2965.7522301167332,VUT,OC,61.2849169323015
"Venezuela, RB",13559.126799553385,VEN,SA,265.55039733138807
Vietnam,1333.583526355043,VNM,AS,98.34825582505432
Virgin Islands (U.S.),,VIR,NA,392.0
West Bank and Gaza,2338.719876823029,WBK,AS,172.47440164291217
"Yemen, Rep.",1394.5323557113857,YEM,AS,102.84307069290035
Zambia,1533.284355365065,ZMB,AF,31.684104760311307
Zimbabwe,723.1646485908288,ZWE,AF,14.943623734718235
Arab World,6032.961956858024,,,124.66637254023962
Caribbean small states,8628.040548056091,,,178.29161280115906
Central Europe and the Baltics,12452.423933545717,,,257.31946135740225
East Asia & Pacific (all income levels),7459.925785282835,,,154.1534479615641
East Asia & Pacific (developing only),3885.2853754907583,,,80.28633986253966
Euro area,37810.39974792939,,,781.321913610349
Europe & Central Asia (all income levels),23404.56246350627,,,483.6367151130447
Europe & Central Asia (developing only),6198.226005972393,,,128.08142300164354
European Union,33558.684856996944,,,693.46359852097
Fragile and conflict affected situations,1334.5444108917193,,,27.577301479681285
Heavily indebted poor countries (HIPC),725.0720456252583,,,14.983038581186149
High income,36049.7457535009,,,744.939395644299
High income: nonOECD,16365.163781078143,,,338.17312610345977
High income: OECD,40719.73452719653,,,841.4410086800759
Latin America & Caribbean (all income levels),8921.70928284049,,,184.36004422105808
Latin America & Caribbean (developing only),8619.190137521815,,,178.10872608901167
Least developed countries: UN classification,740.7839320378711,,,15.307712248753054
Low & middle income,3372.353103497039,,,69.68700140067682
Low income,573.3383774183771,,,11.847582706800415
Lower middle income,1758.8706965231647,,,36.34566752962997
Middle East & North Africa (all income levels),7064.157651946973,,,145.97521347196695
Middle East & North Africa (developing only),4003.9904368346106,,,82.73928577960818
Middle income,3833.4235323415596,,,79.21465601886617
North America,48294.63080404234,,,997.9702306370373
Not classified,,,,392.0
OECD members,35694.63063638325,,,737.6012234824583
Other small states,4282.332610414082,,,88.49100597165632
Pacific island small states,2900.098166277234,,,59.92822779023067
Small states,5234.023814676411,,,108.15694967597013
South Asia,1298.2766998041336,,,26.82785800333265
Sub-Saharan Africa (all income levels),1519.075782024811,,,31.39049586471934
Sub-Saharan Africa (developing only),1506.7302016272422,,,31.135384240267733
Upper middle income,5991.009882533688,,,123.7994662073382
World,9474.355559853293,,,195.78004108921934
